Cable Name,Q (mm2),Max I (kA),R (Ohm/km),X (j Ohm/km),C (nF/km),Alpha
3C_300mm2_XLPE_SWA,300,0.521,0.06,0.086,240,0.00393
3C_70mm2_XLPE_SWA,70,0.245,0.268,0.106,180,0.00393
3Cx1C_300mm2_EPR,300,0.521,0.060,0.085,200,0.00393
3C_70mm2_PILC_SWA,70,0.245,0.300,0.100,300,0.00393
3x1C_70mm2_XLPE,70,0.245,0.268,0.106,140,0.00393
3C_0.06inch2_PILC_SWA,39.4,0.150,0.460,0.110,240,0.00393
3C_35mm2_XLPE,35,0.144,0.524,0.120,130,0.00393
6x1C_35mm2_XLPE,35,0.179,0.524,0.151,90,0.00393
